{
    "left": 35.29152782,
    "right": 39.89569452,
    "bottom": -13.70847212,
    "top": -12.48708322
}